model,r_sq,slope,slope_lci,slope_uci
F-Malagasy-Bats,0.969670793,2.800430294,2.767927793,2.832932794
M-Malagasy-Bats,0.962793774,2.704162825,2.671660324,2.736665326
F-Non-Malagasy,0.951316569,2.73119251,2.698690009,2.763695011
M-Non-Malagasy,0.96280571,2.723977512,2.691475011,2.756480013