"model","r_sq","slope","slope_lci","slope_uci","yint","yint_lci","yint_uci"
"F-Malagasy-Bats",0.9696707934257,2.8438887914987,2.81152895273784,2.8766210821113,2.8438887914987,-3.58484378647151,-3.45319323057129
"M-Malagasy-Bats",0.962793774477907,2.75591742916869,2.72173669310315,2.79052742156932,2.75591742916869,-3.37848963643249,-3.24007134733462
"F-Non-Malagasy",0.951316568502786,2.80020471413905,2.67783045055885,2.92817136329531,2.80020471413905,-3.64003390695511,-3.1538102084861
"M-Non-Malagasy",0.962805710109811,2.77609413902822,2.67084241660513,2.88549358840224,2.77609413902822,-3.55490697860775,-3.13546183429533
