"model","r_sq"
"F-Malagasy-Bats",0.969670793425699
"M-Malagasy-Bats",0.962793774477907
"F-Non-Malagasy",0.951316568502786
"M-Non-Malagasy",0.962805710109811
