"","F Malagasy bats","M malagasy bats","M non malagasy","F non malagay"
"1",0.9696707934257,0.962793774477907,0.973955570570634,0.959452648949212
