"","F Malagasy bats","M malagasy bats","M non malagasy","F non malagay"
"1",0.9696707934257,0.962793774477907,0.962805710109811,0.951316568502786
